{
    "vgg19": {
        "adam": {
            "0,001": {
                "train_accuracy": 12.069658886894075,
                "val_accuracy": 7.242857142857143,
                "train_loss": 2.70092896733965,
                "val_loss": 2.5584973176320395,
                "training_time": 15256.419898748398,
                "hyperparameters": {
                    "optimizer": "adam",
                    "criterion": "CrossEntropyLoss",
                    "learning_rate": 0.001,
                    "batch_size": 8,
                    "num_epochs": 25
                }
            }
        },
        "sgd": {
            "0,001": {
                "train_accuracy": 97.671454219030522,
                "val_accuracy": 64.571428571428573,
                "train_loss": 0.5364134073257447,
                "val_loss": 1.89274571445253162,
                "training_time": 5037.739778757095,
                "hyperparameters": {
                    "optimizer": "sgd",
                    "criterion": "CrossEntropyLoss",
                    "learning_rate": 0.001,
                    "batch_size": 8,
                    "num_epochs": 25
                }
            }
        },
        "rmsprop": {
            "0,001": {
                "train_accuracy": 13.59245960502693,
                "val_accuracy": 7.314285714285714,
                "train_loss": 0.0118757010295987,
                "val_loss": 0.001933965584933757,
                "training_time": 15000.28437423706,
                "hyperparameters": {
                    "optimizer": "rmsprop",
                    "criterion": "CrossEntropyLoss",
                    "learning_rate": 0.001,
                    "batch_size": 8,
                    "num_epochs": 25
                }
            }
        }
    },
    "resnet50": {
        "sgd": {
            "0,001": {
                "train_accuracy": 86.53500897666068,
                "val_accuracy": 61.42857142857143,
                "train_loss": 0.5411856415016311,
                "val_loss": 1.2293882055415049,
                "training_time": 584.4729821681976,
                "hyperparameters": {
                    "optimizer": "sgd",
                    "criterion": "CrossEntropyLoss",
                    "learning_rate": 0.001,
                    "batch_size": 8,
                    "num_epochs": 25
                }
            }
        },
        "adam": {
            "0,001": {
                "train_accuracy": 85.99640933572711,
                "val_accuracy": 50.0,
                "train_loss": 0.43648267069033214,
                "val_loss": 1.9934721423519983,
                "training_time": 1048.724470615387,
                "hyperparameters": {
                    "optimizer": "adam",
                    "criterion": "CrossEntropyLoss",
                    "learning_rate": 0.001,
                    "batch_size": 8,
                    "num_epochs": 25
                }
            }
        },
        "rmsprop": {
            "0,001": {
                "train_accuracy": 70.01795332136446,
                "val_accuracy": 25.714285714285715,
                "train_loss": 0.8815767075334277,
                "val_loss": 2.795171618461609,
                "training_time": 629.1889405250549,
                "hyperparameters": {
                    "optimizer": "rmsprop",
                    "criterion": "CrossEntropyLoss",
                    "learning_rate": 0.001,
                    "batch_size": 8,
                    "num_epochs": 25
                }
            }
        }
    },
    "inception_v3": {
        "sgd": {
            "0,001": {
                "train_accuracy": 74.68581687612209,
                "val_accuracy": 52.857142857142854,
                "train_loss": 1.1466228595801762,
                "val_loss": 1.7091678116056654,
                "training_time": 775.9428074359894,
                "hyperparameters": {
                    "optimizer": "sgd",
                    "criterion": "CrossEntropyLoss",
                    "learning_rate": 0.001,
                    "batch_size": 8,
                    "num_epochs": 25
                }
            }
        },
        "adam": {
            "0,001": {
                "train_accuracy": 83.30341113105925,
                "val_accuracy": 62.857142857142854,
                "train_loss": 0.5846544382827622,
                "val_loss": 2.151452027261257,
                "training_time": 789.2872569561005,
                "hyperparameters": {
                    "optimizer": "adam",
                    "criterion": "CrossEntropyLoss",
                    "learning_rate": 0.001,
                    "batch_size": 8,
                    "num_epochs": 25
                }
            }
        },
        "rmsprop": {
            "0,001": {
                "train_accuracy": 36.26570915619389,
                "val_accuracy": 18.571428571428573,
                "train_loss": 2.4926290699413847,
                "val_loss": 14.681013531155056,
                "training_time": 798.4842157363892,
                "hyperparameters": {
                    "optimizer": "rmsprop",
                    "criterion": "CrossEntropyLoss",
                    "learning_rate": 0.001,
                    "batch_size": 8,
                    "num_epochs": 25
                }
            }
        }
    }
}