{
    "vgg19": {
        "train_accuracy": 2.2222222222222223,
        "val_accuracy": 7.142857142857143,
        "train_loss": 4.257575988769531,
        "val_loss": 2.7154554261101618,
        "training_time": 484.8520143032074,
        "hyperparameters": {
            "optimizer": "adam",
            "criterion": 