{
    "vgg19": {
        "train_accuracy": 12.746858168761221,
        "val_accuracy": 7.142857142857143,
        "train_loss": 3.265988836969648,
        "val_loss": 6.9319685035281715,
        "training_time": 6938.490881204605,
        "hyperparameters": {
            "optimizer": "adam",
            "criterion": "CrossEntropyLoss",
            "learning_rate": 0.001,
            "batch_size": 8,
            "num_epochs": 10
        }
    },
    "inception_v3": {
        "train_accuracy": 29.982046678635548,
        "val_accuracy": 17.142857142857142,
        "train_loss": 3.2443138667515345,
        "val_loss": 7.445655001534356,
        "training_time": 1233.9304432868958,
        "hyperparameters": {
            "optimizer": "adam",
            "criterion": "CrossEntropyLoss",
            "learning_rate": 0.001,
            "batch_size": 8,
            "num_epochs": 10
        }
    },
    "resnet50": {
        "train_accuracy": 21.364452423698385,
        "val_accuracy": 15.714285714285714,
        "train_loss": 2.614515791620527,
        "val_loss": 3.309458096822103,
        "training_time": 847.4469130039215,
        "hyperparameters": {
            "optimizer": "adam",
            "criterion": "CrossEntropyLoss",
            "learning_rate": 0.001,
            "batch_size": 8,
            "num_epochs": 10
        }
    }
}